model;layer count;img size;filter count;neuron count;params;final epoch;train_acc;train_loss;val_acc;val_loss;test_acc;test_loss
MLP (Small MLP);1;64x64;-;128;1573766;16;0.526211678981781;1.3041914701461792;0.4375;1.4164652824401855;0.4257028102874756;1.4547723531723022
MLP (Wide MLP);1;64x64;-;512;6295046;24;0.5168150067329407;1.2700837850570679;0.4765625;1.4001615047454834;0.4056224822998047;1.4741381406784058
MLP (Deep MLP);3;64x64;-;256->128->64;3187526;11;0.4871414303779602;1.3051544427871704;0.47265625;1.387298583984375;0.45783132314682007;1.385788917541504
MLP (Dropout MLP);2;64x64;-;256->128 (Drop);3179654;10;0.23194856941699982;1.7195013761520386;0.24609375;1.7141693830490112;0.22489960491657257;1.7437243461608887
